,acousticness,danceability,energy,instrumentalness,liveness,loudness,speechiness,tempo,uri,playlists
0,0.991,0.316,0.0235,0.959,0.118,-29.023,0.0394,128.317,spotify:track:29fmQieSET1jTSVOweXtEU,piano_classical
1,0.993,0.428,0.0108,0.924,0.0812,-27.554,0.0425,68.661,spotify:track:1LgjqqeUpcACk4a94SiinY,piano_classical
2,0.995,0.394,0.00773,0.903,0.104,-28.578,0.0565,97.123,spotify:track:7lN3hQiVTXx15VbpbAOCBo,piano_classical
3,0.987,0.214,0.0181,0.918,0.0672,-31.971,0.0404,82.601,spotify:track:7zz7GfqrIt5yzQh80u7fSO,piano_classical
4,0.984,0.298,0.0621,0.923,0.0836,-28.521,0.0335,69.105,spotify:track:3NKOJUp72U7JKSWkH80h0d,piano_classical
5,0.994,0.418,0.023,0.901,0.0804,-30.626,0.0414,63.876,spotify:track:3TSDII2pStZJfNZz48Ajfl,piano_classical
6,0.978,0.389,0.151,0.868,0.096,-20.264,0.0386,92.721,spotify:track:67HG3V6WywpBQFIBfAFmzp,piano_classical
7,0.994,0.296,0.0709,0.892,0.0807,-29.517,0.0462,127.086,spotify:track:5yWClRIxwId7cl0WSboGUk,piano_classical
8,0.993,0.356,0.00622,0.894,0.161,-32.704,0.034,70.09,spotify:track:5PVzKN7Wgjj1aCTzuXC7cO,piano_classical
9,0.996,0.357,0.00828,0.89,0.134,-36.369,0.0516,131.442,spotify:track:4YbCgidy639tSkiw8xfPVg,piano_classical
10,0.994,0.417,0.0174,0.873,0.0684,-27.388,0.0349,66.278,spotify:track:5eRfljNo9nICHm8i77T1rA,piano_classical
11,0.993,0.602,0.187,0.879,0.117,-19.758,0.051,129.04,spotify:track:7ck1Z4Owr2vLJ1N3gL95rC,piano_classical
12,0.966,0.16,0.0353,0.892,0.058,-29.437,0.0433,88.551,spotify:track:6TIODhqIHNPu1sj6Ovlohj,piano_classical
13,0.995,0.454,0.0118,0.839,0.13,-33.317,0.0348,73.131,spotify:track:36nUXJemPSYJmih86hD0Rx,piano_classical
14,0.982,0.126,0.036,0.939,0.102,-26.715,0.042,55.254,spotify:track:1JnTeYqXcanUro9ZshaLRD,piano_classical
15,0.992,0.305,0.00398,0.93,0.078,-30.301,0.0445,77.025,spotify:track:2Mg8JQRqMr2siK6OBhruGq,piano_classical
16,0.992,0.336,0.0305,0.91,0.0996,-23.434,0.0466,125.015,spotify:track:5qpUmfrVRpCrzjQXeouFVa,piano_classical
17,0.995,0.396,0.0312,0.893,0.0825,-25.392,0.0439,67.371,spotify:track:3F0eiSqRe2FagXFERuxaZZ,piano_classical
18,0.987,0.367,0.213,0.889,0.121,-19.354,0.036,106.035,spotify:track:17aUPlQ175ssLa191VMSL9,piano_classical
19,0.992,0.324,0.0283,0.919,0.0858,-24.514,0.0481,87.79,spotify:track:48Lc7bjOXN1z0AVA95K5tZ,piano_classical
20,0.995,0.428,0.0241,0.917,0.117,-27.441,0.0423,123.993,spotify:track:21xWSUuxVxovAqpnwgPbNP,piano_classical
21,0.961,0.116,0.0288,0.724,0.099,-28.827,0.0435,168.237,spotify:track:3cWcEchjhIV140CVEv3hBn,piano_classical
22,0.992,0.522,0.00104,0.695,0.0892,-39.11,0.0782,67.781,spotify:track:6kOMLLVKZbz7BmwSc9os0R,piano_classical
23,0.994,0.412,0.00336,0.93,0.0692,-39.934,0.0591,123.022,spotify:track:3RAvV2mtd4rqviu8CVypZY,piano_classical
24,0.995,0.658,0.000915,0.932,0.131,-27.42,0.611,135.553,spotify:track:3O5dtg5iwEE3eTNkepjNWB,piano_classical
25,0.992,0.659,0.000947,0.952,0.101,-24.893,0.439,134.425,spotify:track:46Ym9IRsv6pl2seb5KXXoJ,piano_classical
26,0.989,0.393,0.00345,0.918,0.0895,-29.078,0.0733,93.931,spotify:track:46YoUYIwgeoPpdZ5SRMy3u,piano_classical
27,0.995,0.54,0.00365,0.947,0.0716,-36.472,0.24,138.75,spotify:track:1FSA2rg9j9219nGJFTX9Zi,piano_classical
28,0.995,0.573,0.00171,0.943,0.089,-35.179,0.0917,134.7,spotify:track:5AbWKXF5909HSXzYUujl6G,piano_classical
29,0.996,0.508,0.00369,0.957,0.0764,-36.983,0.143,134.338,spotify:track:6mg0iJoT2YIXQuwOvsqCDV,piano_classical
30,0.974,0.376,0.0117,0.919,0.15,-31.387,0.0581,68.843,spotify:track:7DmTTinIQnUjaFkVzs1EnB,piano_classical
31,0.995,0.371,0.00254,0.936,0.084,-31.149,0.0701,68.133,spotify:track:2e99UI6nowSpnONgG5oYOa,piano_classical
32,0.996,0.382,0.003,0.941,0.0736,-37.472,0.0635,69.119,spotify:track:1Fl5oRylhaNywLDE46dnnn,piano_classical
33,0.995,0.268,0.00372,0.915,0.0763,-37.374,0.056,70.529,spotify:track:0lNNKx0eD8dO9RvRzMgMRm,piano_classical
34,0.994,0.329,0.00254,0.911,0.0758,-38.668,0.04,63.19,spotify:track:00qxo3h8iDZ6q8Sb7v66oJ,piano_classical
35,0.996,0.448,0.0155,0.838,0.109,-31.121,0.0554,110.675,spotify:track:71hlZFzBTV46fT1xAyN4Va,piano_classical
36,0.991,0.464,0.00594,0.928,0.132,-27.16,0.0693,73.021,spotify:track:6ePcVWMvbV8Q7TNsDIxRYU,piano_classical
37,0.995,0.322,0.0119,0.849,0.124,-31.579,0.0695,177.481,spotify:track:0wuRWAc4dVjpy9EOu4cCtF,piano_classical
38,0.995,0.43,0.00741,0.892,0.121,-28.484,0.0498,57.097,spotify:track:12RcHxUIclo5IZMg4YZYae,piano_classical
39,0.994,0.43,0.0497,0.92,0.0989,-28.11,0.0622,114.181,spotify:track:1PJrOTSZOktWuSDwztfxWd,piano_classical
40,0.995,0.415,0.00434,0.899,0.106,-30.838,0.057,112.122,spotify:track:3o3VxsSqEiOBNU8Y462XLk,piano_classical
41,0.981,0.206,0.0516,0.881,0.073,-29.198,0.0464,81.368,spotify:track:1Kl7iv27YON9C9l31RcDs3,piano_classical
42,0.978,0.18,0.0702,0.85,0.106,-27.038,0.0413,90.271,spotify:track:0A5NerlfAvJe85nDhMSxMl,piano_classical
43,0.979,0.278,0.0667,0.882,0.106,-25.776,0.049,87.848,spotify:track:47KRLoZ273vEJcLh5X0m2L,piano_classical
44,0.992,0.433,0.0948,0.924,0.114,-20.72,0.0467,92.628,spotify:track:3FZuVhgbx2PX2ibCdiyY4M,piano_classical
45,0.993,0.599,0.0204,0.929,0.117,-27.103,0.0937,110.811,spotify:track:1EbYrxzaOPdB6ApIVKL0E4,piano_classical
46,0.995,0.531,0.173,0.923,0.143,-28.331,0.0713,129.452,spotify:track:3Q9h3umdcS8TlQlUote0tV,piano_classical
47,0.99,0.355,0.0779,0.846,0.142,-21.005,0.0499,77.17,spotify:track:5Cgwg3kUgwxc0UHIS7eCqH,piano_classical
48,0.986,0.296,0.0782,0.923,0.133,-19.618,0.0473,69.47,spotify:track:4jYnjtayiQPNcx2xCO1ioN,piano_classical
49,0.97,0.658,0.0112,0.929,0.0681,-25.583,0.434,135.997,spotify:track:35dYTbQzSqpNKqEDWkH3Sn,piano_classical
50,0.99,0.617,0.000752,0.884,0.0916,-23.292,0.418,77.131,spotify:track:3HtmWHWX1UEahlyasWzZXz,piano_classical
51,0.977,0.577,0.000806,0.898,0.0767,-22.742,0.925,173.616,spotify:track:3Qy39n9axvUI6HkcD8Tlwf,piano_classical
52,0.985,0.661,0.000818,0.898,0.0872,-22.009,0.94,131.7,spotify:track:6bdtMii5vbcG9eeS2UTqpi,piano_classical
53,0.977,0.655,0.000605,0.959,0.0782,-22.156,0.901,136.353,spotify:track:5kklMzjKTFPXU038ftNLWI,piano_classical
54,0.995,0.64,0.0126,0.926,0.0839,-30.797,0.332,88.254,spotify:track:5wlb7QLHplDPgspteGuJwe,piano_classical
55,0.97,0.681,0.0011,0.687,0.0982,-36.581,0.302,129.002,spotify:track:2s85EkEXnxlmhmdMWgTiyZ,piano_classical
56,0.992,0.677,0.0129,0.853,0.0747,-24.761,0.487,131.699,spotify:track:3d9GvcUIl6LOvbuLo9qgx0,piano_classical
57,0.994,0.674,0.0106,0.917,0.0929,-27.021,0.114,136.104,spotify:track:12nAoQxN7QgirKJQX5Sa4v,piano_classical
58,0.993,0.669,0.0141,0.91,0.0755,-29.254,0.427,132.355,spotify:track:4X11kmhMGYqXzFv7BDkNdh,piano_classical
59,0.995,0.614,0.00123,0.941,0.0874,-30.915,0.116,134.003,spotify:track:577pbZtiuhGix2o0cGNejJ,piano_classical
60,0.994,0.611,0.000583,0.965,0.0725,-29.239,0.453,79.486,spotify:track:4ALcqtEdHDR9fKUnvoGmEm,piano_classical
61,0.996,0.332,0.000361,0.973,0.0703,-43.93,0.0691,167.661,spotify:track:4veCLtrt4f4b1OnmqJUq63,piano_classical
62,0.996,0.629,0.00223,0.935,0.0731,-28.98,0.556,76.867,spotify:track:4VdcVuOdRFXAwWvux5XuIY,piano_classical
63,0.994,0.54,0.00111,0.962,0.0773,-30.122,0.27,205.603,spotify:track:5uSdWTCAz0DU5HoNDyhzWe,piano_classical
64,0.995,0.674,0.00122,0.958,0.0751,-30.495,0.0946,77.889,spotify:track:2Ern0Jrg3r5fDdvQMCthsq,piano_classical
65,0.996,0.643,0.00179,0.973,0.117,-35.172,0.185,128.734,spotify:track:7ekLaZUn9NFx8yYNVisDQ8,piano_classical
66,0.995,0.732,0.00181,0.963,0.109,-27.258,0.413,77.676,spotify:track:5UdEv4nCq0fB8g2SJhzHa8,piano_classical
67,0.994,0.643,0.000271,0.958,0.0882,-26.889,0.648,128.59,spotify:track:0j3ZbuAe5TE0NKNyqoW6S7,piano_classical
68,0.993,0.672,0.00796,0.963,0.0991,-33.064,0.409,133.019,spotify:track:3lqSbWnZFrK9b0VmgokzIH,piano_classical
69,0.996,0.0,0.0851,0.94,0.111,-26.836,0.0,0.0,spotify:track:6g4idRyOT7qtIH19m6VEpv,piano_classical
70,0.996,0.44,0.00105,0.935,0.0983,-40.723,0.19,63.077,spotify:track:1mBEVxtILjTiwEZVW42IlN,piano_classical
71,0.995,0.359,0.0555,0.912,0.161,-23.828,0.0437,93.214,spotify:track:5TDylcTZ1MKM1hBpyzVlRC,piano_classical
72,0.994,0.451,0.0267,0.866,0.111,-25.986,0.0563,64.591,spotify:track:6qZ6cH9Tvb20otA2xEhZoO,piano_classical
73,0.989,0.394,0.0986,0.862,0.113,-21.641,0.0359,97.793,spotify:track:1LPFs3EBP6uQXWhI87qLtT,piano_classical
74,0.994,0.469,0.0991,0.887,0.174,-23.127,0.0336,91.475,spotify:track:6eRRFinQ3CqVCiQBvd8oXR,piano_classical
75,0.993,0.535,0.194,0.842,0.0948,-19.165,0.0443,93.843,spotify:track:1Xg5y2etbsZAcxbUB8SlF4,piano_classical
76,0.993,0.567,0.132,0.945,0.172,-24.914,0.0478,95.671,spotify:track:5agpGCPDpKfZpMl8WMDJjH,piano_classical
77,0.993,0.549,0.0977,0.93,0.109,-22.011,0.293,209.721,spotify:track:2eaKkQf0UzTg9MXfEK1s1U,piano_classical
78,0.993,0.45,0.0668,0.907,0.0779,-19.671,0.0415,95.382,spotify:track:3Kg89HnFTC62HZSuoxna0g,piano_classical
79,0.993,0.592,0.106,0.88,0.119,-22.114,0.125,116.54,spotify:track:3p8yS8nEoJ6CgeufQ4cCGG,piano_classical
80,0.994,0.569,0.00821,0.921,0.0978,-26.357,0.12,109.429,spotify:track:6yTG8A6OlpkBk7mb97nMS7,piano_classical
81,0.994,0.423,0.111,0.831,0.109,-26.246,0.117,171.374,spotify:track:63mrR5Lcw3jRVNAIuNZH66,piano_classical
82,0.995,0.525,0.0247,0.934,0.12,-27.999,0.0934,88.877,spotify:track:47idXiSpOvJXz8z9MwwQaj,piano_classical
83,0.992,0.422,0.00894,0.906,0.0986,-28.121,0.0525,67.795,spotify:track:2dtvZ8w7G5vvQSOetZaemJ,piano_classical
84,0.995,0.52,0.0061,0.922,0.0856,-29.041,0.109,98.825,spotify:track:4fPBZttpUZspuH8ixff4dk,piano_classical
85,0.995,0.448,0.0125,0.92,0.0887,-34.663,0.0708,47.405,spotify:track:1PcdT1xzJnDi80y2dNsyaC,piano_classical
86,0.992,0.302,0.013,0.876,0.0853,-34.374,0.0441,109.313,spotify:track:0G1C0eGVYtkzi9mUJEOJaS,piano_classical
87,0.989,0.301,0.074,0.834,0.127,-24.938,0.0393,80.443,spotify:track:3tk5tIo3rMLDO9Oz04jiBN,piano_classical
88,0.995,0.515,0.00806,0.839,0.0714,-25.671,0.0414,69.22,spotify:track:7EJVhxVHJ11vQVcN11gqB9,piano_classical
89,0.992,0.356,0.0116,0.919,0.118,-27.465,0.0443,73.406,spotify:track:5DUrUVFGKr0yN7OXWws7Fp,piano_classical
90,0.988,0.336,0.0196,0.883,0.0914,-26.322,0.0378,140.49,spotify:track:6TZ14pVJkyGt3EdUn325Et,piano_classical
91,0.995,0.568,0.0333,0.731,0.108,-22.174,0.0936,77.94,spotify:track:3CUhlGlk7sfpqtIsGRFfUz,piano_classical
92,0.995,0.708,0.198,0.765,0.138,-20.583,0.0759,130.519,spotify:track:5TbYwMqTdDM26bgLluNTEN,piano_classical
93,0.989,0.688,0.0544,0.935,0.117,-20.174,0.364,117.85,spotify:track:0cIJ2ZUWS2OvhWBnKCYQxx,piano_classical
94,0.995,0.567,0.0152,0.97,0.118,-32.99,0.191,68.388,spotify:track:3jeRLaCJTWPTl7f9Yf7Bs6,piano_classical
95,0.996,0.665,0.00396,0.973,0.0902,-37.3,0.22,77.357,spotify:track:5j8I4aRYzOCQPVfZv8xPNq,piano_classical
96,0.995,0.66,0.00277,0.956,0.103,-31.378,0.187,76.636,spotify:track:1VaVaatTNGwPcyAVKiwYFW,piano_classical
97,0.993,0.627,0.002,0.965,0.116,-25.58,0.269,68.915,spotify:track:3B78ULbqr0X5bn4dXG3tPB,piano_classical
98,0.994,0.504,0.000902,0.941,0.0596,-35.625,0.448,87.491,spotify:track:6oB7ul6sJKiiZx2Ue3cOu8,piano_classical
99,0.931,0.613,0.0714,0.86,0.0892,-19.847,0.479,82.415,spotify:track:1M6bcIqvuEfKryq42ejurk,piano_classical
100,0.988,0.651,0.0253,0.917,0.146,-22.535,0.24,123.327,spotify:track:4GSnV2EnwXKRUBgpJfdWoX,piano_classical
101,0.993,0.702,0.0165,0.962,0.0928,-26.307,0.565,75.996,spotify:track:4rqaBdwcnn8mihIzai8KEw,piano_classical
102,0.983,0.627,0.00679,0.895,0.0837,-25.746,0.108,129.218,spotify:track:0b5lMrMbDBK7WvIT1SeXJx,piano_classical
103,0.995,0.677,0.00708,0.967,0.111,-24.651,0.559,75.134,spotify:track:6Kq4OIpWvTzTcFu4PlSx8E,piano_classical
104,0.992,0.671,0.00215,0.923,0.0887,-22.511,0.453,130.897,spotify:track:4cNo5sYMpq8Ge7AlTl8FcU,piano_classical
105,0.994,0.412,0.0726,0.852,0.158,-26.196,0.0528,138.086,spotify:track:5LlR4So36YaiH1qrbX3VGv,piano_classical
106,0.996,0.0,0.0147,0.955,0.126,-30.666,0.0,0.0,spotify:track:6rAenh7krNfCbPtzBmXFsm,piano_classical
107,0.988,0.616,0.0397,0.941,0.109,-33.506,0.123,94.999,spotify:track:5F8G8jzcoTmJVIKNdG4C44,piano_classical
108,0.995,0.476,0.0492,0.911,0.14,-29.876,0.0697,111.231,spotify:track:5zdHuXwlHmnBoz6FH9uSjf,piano_classical
109,0.996,0.393,0.0633,0.891,0.152,-25.439,0.0664,68.664,spotify:track:1vwBnOU7UbKi0ZgP85aJlx,piano_classical
110,0.991,0.437,0.0302,0.916,0.147,-27.371,0.345,181.255,spotify:track:7hyzCCEeVvkv8NKxwnLcHz,piano_classical
111,0.996,0.443,0.0106,0.862,0.0946,-37.491,0.0782,62.923,spotify:track:6Ze5ElMqqJszwrKdUvthKU,piano_classical
112,0.995,0.335,0.0219,0.868,0.142,-38.634,0.0528,72.744,spotify:track:11JKHLE63eHgr1sRNNciL0,piano_classical
113,0.993,0.552,0.027,0.948,0.0901,-26.986,0.0616,73.084,spotify:track:1fBWx0l7X9Nv57oJ8j70T9,piano_classical
114,0.996,0.54,0.00399,0.951,0.0755,-41.745,0.077,98.523,spotify:track:3NxWN06Zgf1N8jqYQYlEte,piano_classical
115,0.995,0.335,0.0438,0.857,0.106,-32.809,0.0507,71.512,spotify:track:4SNlFOi1C5RLeBvMwaq1Gg,piano_classical
116,0.994,0.266,0.0128,0.901,0.0875,-38.503,0.0526,118.083,spotify:track:17UxclFpZDx9kYGGhzmKK1,piano_classical
117,0.996,0.586,0.0146,0.951,0.064,-42.917,0.0584,96.94,spotify:track:3DMa9TLUp0nu4FSmUKe4rz,piano_classical
118,0.995,0.395,0.0484,0.905,0.122,-27.139,0.0475,140.869,spotify:track:1Tfzt2MqfeY8JRrIDgXxeq,piano_classical
119,0.996,0.346,0.0301,0.847,0.0704,-39.711,0.0521,74.781,spotify:track:0pZpIoei3wKS5z9U2HipDT,piano_classical
120,0.995,0.629,0.0277,0.958,0.0841,-30.158,0.0631,104.48,spotify:track:3SxYLHti0sJ0gjg9bzi2Up,piano_classical
121,0.993,0.4,0.185,0.912,0.126,-24.571,0.0542,73.376,spotify:track:6wgpfchSNnRpcMB62QL0wr,piano_classical
122,0.994,0.279,0.016,0.906,0.0757,-29.864,0.0621,178.231,spotify:track:5KGMODiQ2FiKDRi2n6Yp10,piano_classical
123,0.993,0.44,0.0107,0.756,0.0916,-30.024,0.0431,67.33,spotify:track:4z8sDbLHuyXyNNXb6nz8lG,piano_classical
124,0.988,0.311,0.0187,0.885,0.153,-28.446,0.041,81.63,spotify:track:4mjtw98tqW3qKXgw1xfR4V,piano_classical
125,0.993,0.424,0.0105,0.837,0.0765,-35.031,0.0482,100.35,spotify:track:2ltThiaBxhawriLFKNBlXb,piano_classical
126,0.996,0.325,0.00809,0.851,0.0834,-34.692,0.0466,75.187,spotify:track:0yDi0ZUQhQZmSYKoO5tSsD,piano_classical
127,0.985,0.345,0.0713,0.926,0.087,-27.943,0.0442,94.54,spotify:track:5yG1m4Way7ALW8siqAzTVv,piano_classical
128,0.992,0.44,0.12,0.861,0.1,-24.167,0.118,172.396,spotify:track:3hRklrqWdxAQ5DTiLhnLSz,piano_classical
129,0.994,0.403,0.0228,0.831,0.112,-32.912,0.0504,133.936,spotify:track:5pq7mvoGwApUNy0AdhSsTQ,piano_classical
130,0.993,0.586,0.121,0.901,0.0859,-19.306,0.0795,108.208,spotify:track:5c6BR9vEYpkdf53rVJjMJn,piano_classical
131,0.996,0.559,0.0133,0.949,0.165,-32.566,0.106,140.086,spotify:track:7f1AQTxrIkPm7lf0DXajjs,piano_classical
132,0.994,0.359,0.036,0.899,0.106,-35.947,0.0513,70.376,spotify:track:10m3UwPrFR9NfaM4plha1g,piano_classical
133,0.993,0.411,0.0232,0.801,0.131,-23.117,0.083,90.196,spotify:track:79B7aTKnpDLKCFh2SjS5Rm,piano_classical
134,0.995,0.529,0.0156,0.937,0.118,-24.458,0.194,94.072,spotify:track:4tgAxUYh2QfklZLyMZT1Rq,piano_classical
135,0.984,0.357,0.235,0.912,0.094,-20.305,0.0408,98.087,spotify:track:0SSUKVTDtSpfgVkhWeac3T,piano_classical
136,0.995,0.339,0.00902,0.831,0.102,-30.724,0.0908,172.618,spotify:track:2ZjtMQy0JB9zigm2Wk5emI,piano_classical
137,0.993,0.459,0.13,0.904,0.0917,-21.183,0.0687,117.77,spotify:track:69lyaUxEh9I0IV3zYtPSYC,piano_classical
138,0.993,0.528,0.00375,0.927,0.0848,-38.358,0.0545,119.01,spotify:track:3M2839dE8s5ByPtILVf11n,piano_classical
139,0.993,0.578,0.0245,0.941,0.058,-29.684,0.217,65.709,spotify:track:6Xb2BJWWvCp6qsVU4gCOUL,piano_classical
140,0.99,0.481,0.132,0.861,0.0941,-23.372,0.0581,102.173,spotify:track:0Lq4FaqMGgvE3MnOeXsUan,piano_classical
141,0.994,0.387,0.0141,0.844,0.14,-32.449,0.0616,110.064,spotify:track:7dJHyYZD6QlS4VhnpbFWnh,piano_classical
142,0.994,0.482,0.00215,0.949,0.0683,-30.481,0.117,73.489,spotify:track:1zHYmNSSiVcJHMoubhRXlz,piano_classical
143,0.99,0.447,0.0693,0.955,0.0967,-22.302,0.0554,68.531,spotify:track:0nP09jeLvIg5EuvtsKGTrx,piano_classical
144,0.99,0.479,0.104,0.906,0.0664,-24.82,0.0839,74.427,spotify:track:5tS1dExNGKFp62573NKO29,piano_classical
145,0.994,0.404,0.0121,0.928,0.111,-27.405,0.0541,83.544,spotify:track:6IlrjrHn8iCBzejRKkZWSo,piano_classical
146,0.992,0.45,0.0398,0.919,0.101,-24.262,0.061,98.329,spotify:track:43fyCWWPPEV3wnJAAdfjor,piano_classical
147,0.993,0.369,0.13,0.778,0.217,-27.914,0.0635,74.501,spotify:track:0pk62GtOAsFpgvC9gnHdB6,piano_classical
148,0.992,0.574,0.00283,0.937,0.0989,-33.221,0.261,77.705,spotify:track:5X3ZbxEQHC1kZdgjDlugNR,piano_classical
149,0.99,0.495,0.0119,0.907,0.088,-27.708,0.0633,82.783,spotify:track:53HXVvJtu7dusOxRY75Vmc,piano_classical
150,0.994,0.431,0.0359,0.878,0.101,-27.93,0.0578,124.627,spotify:track:7my2nMJ3x1dHf4Y7r8nhdK,piano_classical
151,0.995,0.597,0.0324,0.968,0.124,-33.949,0.125,74.018,spotify:track:0Y0AbHyqXjdBhV0X2yFZfl,piano_classical
152,0.993,0.441,0.0194,0.917,0.095,-26.888,0.0563,128.059,spotify:track:4K9UOQqyrE5n86Gm4RcWFJ,piano_classical
153,0.989,0.497,0.00888,0.935,0.112,-29.794,0.0557,114.223,spotify:track:003D2BnS7FqsKiAtZDqIKO,piano_classical
154,0.991,0.536,0.00674,0.93,0.101,-31.151,0.063,111.432,spotify:track:5ZJKcJB80rq55EQw14FVAL,piano_classical
155,0.992,0.596,0.0155,0.957,0.0824,-26.193,0.116,86.911,spotify:track:22JWsriOwB20BQyNXBWPeB,piano_classical
156,0.992,0.533,0.0487,0.971,0.108,-23.11,0.0853,102.406,spotify:track:593QHYjqEOeTm29co7hhtG,piano_classical
157,0.992,0.576,0.0314,0.885,0.115,-25.951,0.0557,70.111,spotify:track:0iZwR7L3YoesnwdDMeYE8q,piano_classical
158,0.996,0.46,0.00721,0.97,0.0835,-39.214,0.0543,62.563,spotify:track:2DFY4ouKwXWkfo1fcZMLdY,piano_classical
159,0.992,0.446,0.0857,0.926,0.244,-22.727,0.0361,111.862,spotify:track:4VottPudNPOXNVB7owVwfK,piano_classical
160,0.994,0.407,0.0407,0.857,0.0724,-31.505,0.0569,86.883,spotify:track:0ctUzJlZ3kzQmGMTd9PQca,piano_classical
161,0.994,0.549,0.0192,0.928,0.0702,-32.2,0.0483,97.226,spotify:track:7xnnRRKzfmaED35IyvOTg1,piano_classical
162,0.992,0.36,0.00867,0.93,0.0604,-28.394,0.054,65.317,spotify:track:0utzl0E5b9ahI9SRh5ZwRi,piano_classical
163,0.989,0.397,0.171,0.922,0.127,-23.137,0.0347,136.285,spotify:track:6PPoxMUyvKoJZaKaPu3WtG,piano_classical
164,0.993,0.277,0.0464,0.898,0.14,-32.703,0.0391,71.674,spotify:track:0xP1N0L8EIVMrGNpTfatl1,piano_classical
165,0.99,0.472,0.125,0.935,0.0865,-22.91,0.0369,76.699,spotify:track:5HLRIWcjQKwGy3LFcK8QX8,piano_classical
166,0.991,0.609,0.00164,0.952,0.117,-21.179,0.258,130.469,spotify:track:1X5XZZljEczwJs0Rrt8MfS,piano_classical
167,0.995,0.56,0.00222,0.931,0.0692,-31.055,0.343,132.795,spotify:track:4TfrtNRaJY4GD4UMWfqblD,piano_classical
168,0.993,0.537,0.004,0.941,0.106,-24.859,0.0712,72.439,spotify:track:7j2Toy5zY8QznCenfu8KMu,piano_classical
169,0.993,0.586,0.00827,0.94,0.107,-25.089,0.495,78.587,spotify:track:6VtNNeIzOWgChm8bRdeXyI,piano_classical
170,0.996,0.592,0.00205,0.958,0.0891,-35.127,0.243,131.364,spotify:track:5Qg8WtcgUcZQ0WROOfRb41,piano_classical
171,0.98,0.663,0.00217,0.943,0.103,-20.748,0.22,133.928,spotify:track:3LoJT61BAMHWfjU0e3hWm4,piano_classical
172,0.989,0.52,0.000496,0.888,0.0688,-27.592,0.336,80.691,spotify:track:3SzzaLrY16ZPxXE4JtCy8F,piano_classical
173,0.991,0.418,0.000752,0.913,0.0634,-28.013,0.18,85.5,spotify:track:3kdRVujx0vTZXenAuXXoj9,piano_classical
174,0.99,0.484,0.000478,0.89,0.0792,-27.544,0.253,130.709,spotify:track:2sEtLboDJjhYTHuB7YEyoI,piano_classical
175,0.995,0.527,0.00226,0.956,0.0898,-31.328,0.287,80.403,spotify:track:3XvXq6EyPVGXdtWw9C8edF,piano_classical
176,0.994,0.554,0.196,0.901,0.111,-22.119,0.0372,106.342,spotify:track:20O1GL7wagqDVV0JMv7CEo,piano_classical
177,0.991,0.384,0.184,0.833,0.105,-21.661,0.0363,124.005,spotify:track:2WQ7YfJxFBd1TqSR4gEHd5,piano_classical
178,0.99,0.4,0.229,0.878,0.113,-19.945,0.0331,106.674,spotify:track:2l5MAeQcVxr6r4XxwFL65C,piano_classical
179,0.995,0.54,0.0782,0.876,0.114,-20.018,0.0542,89.431,spotify:track:2wb6W6dNadPB7jpmAB3GFc,piano_classical
180,0.993,0.548,0.142,0.904,0.0947,-24.199,0.0362,100.965,spotify:track:36vL00lurGuX45z5sg4LiL,piano_classical
181,0.993,0.379,0.0457,0.858,0.173,-26.429,0.0955,118.618,spotify:track:2Rn1icS5LprsLTZtiL7Olb,piano_classical
182,0.992,0.627,0.0635,0.925,0.108,-22.268,0.0483,105.11,spotify:track:73x40eagmKFMgPA8sM6aJM,piano_classical
183,0.988,0.445,0.169,0.864,0.175,-21.149,0.0545,170.236,spotify:track:2ORsXTyIzSjT1Dsr3jw5If,piano_classical
184,0.99,0.464,0.079,0.928,0.137,-27.643,0.0531,184.254,spotify:track:5vOjAlKv3DXDE0fFiYjWjU,piano_classical
185,0.989,0.0,0.153,0.7,0.137,-20.62,0.0,0.0,spotify:track:3HpnryGUjTxb8QPfHzgTfy,piano_classical
186,0.986,0.695,0.127,0.879,0.131,-20.42,0.0671,103.534,spotify:track:5l0BUku0li52rIX6YmToNd,piano_classical
187,0.995,0.794,0.271,0.872,0.137,-17.943,0.094,117.233,spotify:track:4MyXYGZ1uEVRuBLYdwIXvy,piano_classical
188,0.996,0.661,0.036,0.96,0.0822,-34.597,0.0773,104.776,spotify:track:7AuBzgiMu2KUcMj0JArAuZ,piano_classical
189,0.989,0.454,0.109,0.915,0.141,-22.48,0.0615,99.273,spotify:track:44kREoKPbVxM2FtUMxCSSz,piano_classical
190,0.993,0.367,0.116,0.944,0.124,-22.029,0.0529,177.936,spotify:track:22MT1SgocQUWep6t9JWw4h,piano_classical
191,0.991,0.542,0.13,0.949,0.119,-22.564,0.108,82.81,spotify:track:1TPVCfz2OcyEfxaUoaswUE,piano_classical
192,0.991,0.444,0.0766,0.894,0.15,-24.772,0.0506,89.91,spotify:track:725Aml9YUd6w48DNqJYUsJ,piano_classical
193,0.995,0.752,0.116,0.917,0.0943,-28.179,0.0562,106.383,spotify:track:1OyoQfZd7T1yivhB7gWuGv,piano_classical
194,0.993,0.488,0.13,0.888,0.0816,-23.108,0.0347,98.004,spotify:track:34MaEzuBBU0Wa9culpGrRV,piano_classical
195,0.995,0.403,0.00392,0.897,0.0964,-27.859,0.0652,64.983,spotify:track:4JWahu8mLBaapOganH9EAq,piano_classical
196,0.994,0.546,0.13,0.935,0.147,-21.022,0.0524,153.715,spotify:track:5R0ugxDgoSnveHuguslpOm,piano_classical
197,0.996,0.515,0.00666,0.952,0.0835,-27.246,0.119,119.889,spotify:track:7mRT0BHsSuTPbctkNqXbCw,piano_classical
198,0.995,0.441,0.0733,0.887,0.118,-24.114,0.0531,110.751,spotify:track:0Pw6kzBdFKRvrsP0k30ooD,piano_classical
199,0.995,0.36,0.00962,0.937,0.1,-26.193,0.0455,171.763,spotify:track:1vL0TtWWFbykuXSIFSgzd5,piano_classical
200,0.995,0.656,0.00733,0.95,0.0776,-40.297,0.0509,108.104,spotify:track:3egdusxmjNG3CkfFt1ukke,piano_classical
201,0.995,0.523,0.0109,0.901,0.101,-32.524,0.0587,112.437,spotify:track:1eFlvwyA9Pkfc5kTYN5ZQq,piano_classical
202,0.993,0.417,0.0871,0.887,0.112,-17.445,0.0384,85.726,spotify:track:6b5gvt1ySErEEPplBJND9j,piano_classical
203,0.995,0.448,0.017,0.917,0.118,-23.212,0.0422,89.175,spotify:track:4ZrVF7iuR0eNquwVd59CwI,piano_classical
204,0.994,0.482,0.115,0.922,0.212,-21.644,0.0399,118.106,spotify:track:4qXYnDO3aeGBpJnO70lFQg,piano_classical
205,0.994,0.472,0.0539,0.946,0.0938,-22.858,0.0364,78.948,spotify:track:3IxrYX2teiJLcThvHEZjVq,piano_classical
206,0.994,0.493,0.0407,0.882,0.118,-25.435,0.0525,109.649,spotify:track:7nBFvJi0bYFhME0EzY1Rlu,piano_classical
207,0.98,0.475,0.567,0.987,0.17,-12.944,0.0483,108.938,spotify:track:04i2mK7KSubmkJKnBEcR4D,piano_classical
208,0.995,0.585,0.00434,0.899,0.107,-22.148,0.12,72.476,spotify:track:1EYXBz7GMoF59vFCwai31E,piano_classical
209,0.994,0.396,0.0026,0.943,0.107,-31.014,0.0645,74.877,spotify:track:2rq3q0m6r5oIaRdXu5dQkh,piano_classical
210,0.994,0.584,0.117,0.949,0.14,-18.778,0.0521,104.835,spotify:track:3GEWnMlnmzmqA3mJulNewg,piano_classical
211,0.992,0.529,0.172,0.919,0.111,-19.057,0.0397,106.51,spotify:track:7LiWPsRvN5hr8kdepKScs8,piano_classical
212,0.994,0.485,0.0711,0.933,0.148,-20.518,0.0491,115.663,spotify:track:5dzz3up22tatxQzE3H5ikg,piano_classical
213,0.992,0.571,0.257,0.909,0.121,-18.301,0.0354,108.966,spotify:track:3b8395VUHGLBWSICO75sNl,piano_classical
214,0.993,0.427,0.335,0.887,0.199,-15.707,0.0403,183.175,spotify:track:3gNPDzwAv9KD3DhumkgfCZ,piano_classical
215,0.996,0.466,0.0305,0.855,0.0751,-25.343,0.0888,72.581,spotify:track:0fF7Iu9VVdTvYHrQB5S6hX,piano_classical
216,0.994,0.536,0.00326,0.945,0.0903,-22.524,0.594,167.675,spotify:track:0kpgUuKVzWY71UobeF2TJ9,piano_classical
217,0.995,0.328,0.0984,0.883,0.0746,-25.527,0.0495,174.83,spotify:track:7hOE5tYTt0QfB5Gj7HZvPZ,piano_classical
218,0.996,0.462,0.00263,0.962,0.0758,-36.494,0.0695,125.521,spotify:track:2saSDDzqCYZGJfWQKnmP9A,piano_classical
219,0.996,0.469,0.0107,0.938,0.09,-28.332,0.0454,74.135,spotify:track:5yvPJlwexxg5xAwQPX9GPr,piano_classical
220,0.995,0.663,0.0662,0.932,0.106,-19.215,0.748,92.35,spotify:track:7nlKbkiPwXqC5kuy2NVk2Z,piano_classical
221,0.996,0.384,0.0372,0.929,0.102,-27.484,0.0552,79.725,spotify:track:3g69l2yQNmjPnFuh4HxpKX,piano_classical
222,0.996,0.528,0.00912,0.947,0.0887,-39.605,0.0632,128.287,spotify:track:6PxQSYngJq1n2xn9vhd2iH,piano_classical
223,0.996,0.415,0.072,0.914,0.0668,-26.559,0.0398,128.396,spotify:track:3d2j36FqGdJWlqO25cWS2Y,piano_classical
224,0.995,0.272,0.0116,0.916,0.0953,-31.041,0.041,179.022,spotify:track:0GjH4tnAKhitSHPL86fs20,piano_classical
225,0.994,0.631,0.191,0.893,0.192,-16.659,0.0852,106.93,spotify:track:2GMwLxwujdcZZhBx9ygnSf,piano_classical
226,0.994,0.521,0.0545,0.9,0.0986,-20.751,0.102,74.661,spotify:track:3KVOKJvgCyHPP3FCYRsGAH,piano_classical
227,0.971,0.171,0.00805,0.0,0.0905,-35.855,0.0427,88.528,spotify:track:4c2LgqyIdVXORKcctaV6Gj,piano_classical
228,0.994,0.383,0.0346,0.538,0.171,-24.569,0.038,99.926,spotify:track:4RNWIaJzeJt0TmTzfVcF6P,piano_classical
229,0.98,0.493,0.0678,0.194,0.0812,-27.143,0.0537,113.626,spotify:track:7IobFWlpRMP6AQY2T1FBcH,piano_classical
230,0.993,0.454,0.0574,0.9,0.0957,-25.364,0.045,111.565,spotify:track:5A2TWg32I9JgR5ICuTxWqO,piano_classical
231,0.992,0.375,0.0258,0.882,0.105,-30.426,0.0647,83.461,spotify:track:5MeotUH0pZxokr2yDwlVx5,piano_classical
232,0.995,0.509,0.0792,0.89,0.178,-25.004,0.0472,95.707,spotify:track:64c3gZkYe59d08CYSSxId1,piano_classical
233,0.994,0.501,0.117,0.897,0.109,-22.797,0.0393,108.635,spotify:track:37CunijcxV7AL66POouccW,piano_classical
234,0.994,0.535,0.106,0.902,0.087,-23.546,0.0599,128.603,spotify:track:6ROb6N8AIARqjzRw8JlvpN,piano_classical
235,0.995,0.401,0.00521,0.899,0.0668,-29.909,0.0652,68.571,spotify:track:4k07uiOsQhOTGcWFHWgRJu,piano_classical
236,0.994,0.567,0.0573,0.912,0.14,-24.621,0.0599,85.984,spotify:track:7cUDoXZxFcnAdNcuQBrFT6,piano_classical
237,0.994,0.393,0.0693,0.916,0.0851,-24.729,0.0437,123.027,spotify:track:04J1wFb7iSUdM8Dhsdqi2L,piano_classical
238,0.994,0.444,0.107,0.898,0.121,-22.483,0.0551,141.161,spotify:track:0ekXBiOBcsPVXzWQDbyrWv,piano_classical
239,0.992,0.299,0.00163,0.883,0.0631,-37.652,0.071,78.015,spotify:track:4eXYJ6cD4zMlB1JDhq9fjI,piano_classical
240,0.993,0.537,0.0526,0.907,0.103,-23.4,0.0605,126.789,spotify:track:0hGfxKqJHiAiTDBKJoBc5o,piano_classical
241,0.992,0.448,0.137,0.871,0.0712,-24.765,0.0673,88.509,spotify:track:2Tk7TyGZSY7lddx0pulXWA,piano_classical
242,0.993,0.399,0.084,0.873,0.116,-23.537,0.0447,115.767,spotify:track:5prPoMjuLVe1GWz4wKdxiX,piano_classical
243,0.988,0.471,0.00106,0.876,0.0846,-30.234,0.106,87.671,spotify:track:09Ag3SjuxHB34y4GLayamo,piano_classical
244,0.995,0.505,0.0431,0.908,0.137,-25.172,0.0551,101.112,spotify:track:7fgfRJzmYhiA8ScwS4CNlM,piano_classical
245,0.994,0.427,0.0485,0.882,0.107,-23.754,0.0442,115.978,spotify:track:1zzXwCrZlKc0Mn3RN7JWfj,piano_classical
246,0.995,0.293,0.0217,0.895,0.0627,-29.152,0.0477,183.125,spotify:track:29uvxgVECDgnHbUhRVeIyk,piano_classical
247,0.994,0.427,0.0155,0.935,0.109,-27.143,0.11,73.515,spotify:track:4Lpa8nCTtpWxUr81ZhmMaT,piano_classical
248,0.994,0.587,0.03,0.859,0.0797,-24.04,0.082,82.042,spotify:track:2Zmmcl4fcg12CWf3lYJnu4,piano_classical
249,0.993,0.349,0.0752,0.888,0.0866,-22.897,0.0585,73.133,spotify:track:3o3SrhJBSPiC0ZBCvsMzC4,piano_classical
250,0.995,0.445,0.0296,0.909,0.102,-25.711,0.0412,104.976,spotify:track:1HGn5xH3z4gg7KUqVaavg5,piano_classical
251,0.993,0.368,0.00447,0.884,0.138,-31.739,0.0588,62.061,spotify:track:6STqpEMvbgC1GXoipBn5KF,piano_classical
252,0.995,0.503,0.111,0.906,0.101,-24.697,0.0675,90.509,spotify:track:2pqVYHeho4QLrEwWHxinxL,piano_classical
253,0.992,0.411,0.0364,0.896,0.0665,-25.805,0.042,95.457,spotify:track:2wcl9ZCgrqTW0yp0jWX66x,piano_classical
254,0.995,0.38,0.012,0.851,0.102,-32.261,0.0589,87.436,spotify:track:38r2AKNrztNSo0z30cSHVi,piano_classical
255,0.995,0.475,0.134,0.896,0.0895,-26.668,0.0562,79.378,spotify:track:093VXBMaDbJcUfdx14RO8s,piano_classical
256,0.994,0.411,0.111,0.881,0.0936,-24.857,0.0464,142.173,spotify:track:5FcSJqX6v3SWJwtNPp7HgJ,piano_classical
257,0.992,0.438,0.00246,0.925,0.0635,-29.011,0.0685,100.688,spotify:track:6De1NgXqSwMSt2nAEwANyS,piano_classical
258,0.995,0.433,0.0352,0.941,0.0835,-28.978,0.0423,107.39,spotify:track:6iOfXHKMq4MQOlg732b6MO,piano_classical
259,0.994,0.389,0.0966,0.903,0.0828,-28.026,0.0544,144.097,spotify:track:7jmtH99LQk3kvynnRUgzmT,piano_classical
260,0.99,0.396,0.125,0.922,0.111,-23.15,0.075,74.469,spotify:track:7uER5Ko6Uvv0Bn7aBOZGWx,piano_classical
261,0.994,0.421,0.00642,0.881,0.106,-29.7,0.06,110.507,spotify:track:60JFA87Zo781RTugzl3gA6,piano_classical
262,0.993,0.406,0.0828,0.89,0.153,-22.897,0.042,93.026,spotify:track:37guccNTdgCYcGv3D9jnfj,piano_classical
263,0.994,0.474,0.0285,0.851,0.119,-26.334,0.0404,138.331,spotify:track:0UXwzNkRTfyo2ZQTAiX9hn,piano_classical
264,0.995,0.407,0.00942,0.936,0.104,-29.083,0.163,72.711,spotify:track:7psWpiiUOoZV7KBi1t6iMc,piano_classical
265,0.993,0.408,0.0839,0.906,0.113,-23.855,0.0389,80.775,spotify:track:5DDcah5uwSnjPHpiHDptNd,piano_classical
266,0.994,0.408,0.0635,0.908,0.0896,-25.754,0.0455,70.394,spotify:track:5ZP3qFeooAEc10MfiPKmj8,piano_classical
267,0.995,0.472,0.0162,0.874,0.0911,-27.81,0.0665,93.336,spotify:track:3ZxcEs0NntppmYQQ6wXNPn,piano_classical
268,0.994,0.495,0.0557,0.886,0.0877,-26.761,0.0504,113.19,spotify:track:1XjMDgHSxAcPLuX18yyDqV,piano_classical
269,0.994,0.45,0.0556,0.922,0.0977,-25.778,0.0402,72.671,spotify:track:49lYytbDf44wjrxVHHsEFP,piano_classical
270,0.994,0.363,0.00264,0.912,0.0885,-38.325,0.0696,59.898,spotify:track:5RRUHkmNpqP9RUpefrfyje,piano_classical
271,0.995,0.405,0.0526,0.896,0.132,-25.498,0.036,105.155,spotify:track:43ar4cMZtzlwazsTNly2rE,piano_classical
272,0.994,0.367,0.0442,0.878,0.101,-27.44,0.042,127.007,spotify:track:5zdESyeLFdLluW2QNJwKEN,piano_classical
273,0.994,0.415,0.0335,0.881,0.13,-30.161,0.0441,132.319,spotify:track:4eCg3F3zBkvnQy2sFWcvgE,piano_classical
274,0.993,0.508,0.145,0.877,0.0849,-26.996,0.0704,143.71,spotify:track:0OB3PAvsWJu71SIhwqTEpq,piano_classical
275,0.993,0.411,0.0903,0.885,0.133,-26.338,0.0456,141.612,spotify:track:3r4pwYeNDkIdn9CG4Gkaha,piano_classical
276,0.995,0.567,0.0198,0.94,0.0961,-32.899,0.0552,117.416,spotify:track:6ZWP1VnTZRF1hUcsQuvYdZ,piano_classical
277,0.995,0.361,0.0145,0.892,0.118,-31.259,0.0419,77.941,spotify:track:6wy1TvFgOzqu02i3FIrDCl,piano_classical
278,0.995,0.572,0.0471,0.889,0.203,-26.34,0.0517,77.268,spotify:track:0MkJLhYU01b4UNGhGiclDp,piano_classical
279,0.992,0.541,0.00671,0.929,0.111,-24.503,0.0599,109.116,spotify:track:154iLIeFVAUV5xYK6WKJnV,piano_classical
280,0.994,0.383,0.0643,0.93,0.218,-25.582,0.0363,126.732,spotify:track:0hbcDmVHUs1I91yQYh58P2,piano_classical
281,0.995,0.384,0.0205,0.91,0.0742,-29.021,0.0467,65.702,spotify:track:4Y9gyHaXBBdtgTNeQJWC59,piano_classical
282,0.995,0.486,0.0518,0.946,0.16,-25.943,0.0711,117.49,spotify:track:1JXwkCHF32clXPsLzMOOMS,piano_classical
283,0.992,0.466,0.00497,0.943,0.113,-32.06,0.0541,60.261,spotify:track:5jt3Iks5poHYqvnyo4vfgK,piano_classical
284,0.993,0.497,0.151,0.875,0.113,-24.735,0.0669,136.631,spotify:track:27tXTR8qsaO9iSelXqB2Ix,piano_classical
285,0.995,0.257,0.00221,0.981,0.0988,-41.345,0.0447,78.511,spotify:track:71p74mrQqEM5NuR8yhAwoN,piano_classical
286,0.996,0.571,0.0146,0.856,0.124,-30.52,0.0642,66.128,spotify:track:0ncIOVU6TASWdhjjXY1pc6,piano_classical
287,0.993,0.375,0.109,0.877,0.104,-24.412,0.0502,80.031,spotify:track:1pK6tnppbSTwbEhqb4RxJt,piano_classical
288,0.994,0.462,0.0744,0.863,0.142,-22.916,0.048,135.515,spotify:track:5fEsUEt7h8Tt4NYaRFEDD0,piano_classical
289,0.993,0.253,0.00723,0.915,0.0853,-35.144,0.043,75.338,spotify:track:5HPlEQ6hv2cvumGQqAxJWc,piano_classical
290,0.992,0.362,0.0953,0.854,0.0751,-25.212,0.0491,79.527,spotify:track:4v5L1yhxuJN3hKpvWLcrWU,piano_classical
291,0.994,0.424,0.0508,0.908,0.0634,-26.371,0.0525,105.976,spotify:track:4ccpN06P3oVbIz4GPRUpuG,piano_classical
292,0.993,0.4,0.0019,0.881,0.113,-35.375,0.0503,68.726,spotify:track:4ByYgzFWRYivqlNm7zO7KC,piano_classical
293,0.994,0.228,0.0548,0.931,0.0791,-25.733,0.0361,67.011,spotify:track:0HN0P17SxU0Q57OnIRsN82,piano_classical
294,0.994,0.451,0.052,0.879,0.112,-28.744,0.0579,141.966,spotify:track:6HaeuJ4vBdCMwVaUEsw7WD,piano_classical
295,0.993,0.474,0.0829,0.852,0.0957,-28.954,0.0706,91.584,spotify:track:6P1sUeU7ymm3axD9edbIes,piano_classical
296,0.994,0.515,0.00667,0.903,0.123,-28.469,0.08,80.613,spotify:track:520m68G57C5X9HbJwUMS1T,piano_classical
297,0.992,0.422,0.134,0.88,0.1,-23.428,0.0491,90.038,spotify:track:1LquVyMCSM387TXBts8Ddi,piano_classical
298,0.992,0.271,0.137,0.924,0.0674,-24.863,0.0459,74.94,spotify:track:6mjAlkh8ljIgIX8vQHkKCB,piano_classical
299,0.993,0.474,0.000983,0.847,0.0846,-33.422,0.0944,130.761,spotify:track:3SxaGchssMh0evd46xGuYf,piano_classical
300,0.991,0.316,0.0859,0.907,0.0737,-23.295,0.035,94.054,spotify:track:3ZoHBlrD4qOVV3g6ajQtGW,piano_classical
301,0.994,0.464,0.0459,0.911,0.0779,-28.407,0.0594,135.434,spotify:track:0rp50zq9mUAhYNLfYOieMd,piano_classical
302,0.994,0.296,0.0473,0.901,0.0883,-28.911,0.0355,98.38,spotify:track:5Fs4q8MN8DRqjBQc24gmz7,piano_classical
303,0.988,0.315,0.106,0.9,0.0597,-23.431,0.0455,101.312,spotify:track:4BB8hoOzHADsZeARQUlvzk,piano_classical
304,0.994,0.249,0.00314,0.94,0.0742,-37.549,0.06,82.344,spotify:track:33COEsMIRVOMY0oFT7NkJW,piano_classical
305,0.992,0.37,0.163,0.91,0.115,-21.833,0.0399,128.929,spotify:track:2bgtYwrJNz42QnJth1frKC,piano_classical
306,0.993,0.35,0.0138,0.817,0.116,-26.753,0.0735,72.277,spotify:track:44rem4NqgcLM72oiSdX95o,piano_classical
307,0.995,0.368,0.0117,0.891,0.126,-31.647,0.0342,66.678,spotify:track:239sa0upnOmYJdQnYqPhoF,piano_classical
308,0.993,0.335,0.019,0.917,0.0971,-27.671,0.0503,105.287,spotify:track:3orbQqTk8iZ71xDjnCG7HH,piano_classical
309,0.991,0.444,0.0865,0.919,0.123,-23.931,0.0571,129.856,spotify:track:4RGZDZO9CFpGoZhK2jef6G,piano_classical
310,0.993,0.394,0.102,0.927,0.169,-23.123,0.0343,105.723,spotify:track:30m23Dn8jXi6Lxb7zYotHB,piano_classical
311,0.995,0.49,0.00731,0.863,0.0946,-30.435,0.053,67.223,spotify:track:4s7I2LzXi3LXKrcGIZvET4,piano_classical
312,0.994,0.504,0.0772,0.807,0.0896,-22.956,0.0406,71.736,spotify:track:7qV3ZQMNQahmaJn7J4YsZV,piano_classical
313,0.992,0.429,0.0337,0.884,0.066,-26.929,0.052,115.197,spotify:track:0igZm6RudVHCrh9KYg44Or,piano_classical
314,0.993,0.527,0.00596,0.9,0.0656,-32.888,0.0649,81.969,spotify:track:2IJPalg5TdPJZFwhmYCgoO,piano_classical
315,0.993,0.463,0.141,0.891,0.125,-22.9,0.0469,139.697,spotify:track:7osZ6jANB8fXwzudh3KtCW,piano_classical
316,0.991,0.503,0.0112,0.887,0.0942,-29.655,0.0722,94.135,spotify:track:2hz05iot38fwrIddszZz2X,piano_classical
317,0.99,0.467,0.0453,0.873,0.124,-25.67,0.0487,71.774,spotify:track:7FC0wZT6TEmpSW8vxCRtnE,piano_classical
318,0.992,0.446,0.051,0.904,0.0686,-25.827,0.0511,123.123,spotify:track:1nTqmNFPcTzrXKc6KZ0cFL,piano_classical
319,0.992,0.429,0.0868,0.903,0.112,-23.893,0.0465,122.304,spotify:track:01EO4e3BF7HKjK3tLbFwau,piano_classical
320,0.992,0.522,0.0813,0.839,0.189,-23.838,0.0576,98.545,spotify:track:1rpkh7J4wx5g1vMJkKvfU9,piano_classical
321,0.993,0.355,0.00274,0.933,0.0732,-39.367,0.0641,68.423,spotify:track:3yJafIlz8WiL6XCJneMc4u,piano_classical
322,0.993,0.389,0.0789,0.875,0.089,-27.163,0.0459,134.957,spotify:track:7jXhftMX0jwJZsEUam46EY,piano_classical
323,0.987,0.342,0.0184,0.898,0.156,-27.774,0.0416,95.9,spotify:track:1J1K9sVDDVClmgImWx03UM,piano_classical
324,0.991,0.343,0.069,0.91,0.156,-22.349,0.0388,136.972,spotify:track:0m9gH7GXMpdHOTOf2vbcep,piano_classical
325,0.991,0.345,0.0417,0.888,0.0727,-25.779,0.0516,61.724,spotify:track:0HoFA5ZGNy2Mackq6VHDZR,piano_classical
326,0.991,0.409,0.0396,0.897,0.0857,-27.928,0.0467,113.209,spotify:track:2kxfXn927OLyXsr65sTC97,piano_classical
327,0.99,0.557,0.0441,0.918,0.136,-22.937,0.0987,130.903,spotify:track:3F4df60ieYmXRrVBs1HjWq,piano_classical
328,0.993,0.409,0.0155,0.919,0.104,-26.194,0.0484,107.277,spotify:track:5KOIPaxqGa2ou9LP57RmgM,piano_classical
329,0.99,0.456,0.139,0.906,0.116,-21.487,0.0545,135.078,spotify:track:2gAlmkWu7mpKHk5UmHb1wJ,piano_classical
330,0.984,0.306,0.0145,0.934,0.0642,-31.984,0.0398,86.987,spotify:track:1JX2TzqWS9NcJIjoPFt895,piano_classical
331,0.992,0.356,0.097,0.906,0.0885,-23.406,0.0358,73.36,spotify:track:5puXTpoZtRiffCxSEG8yzA,piano_classical
332,0.995,0.371,0.02,0.905,0.113,-29.519,0.105,78.005,spotify:track:24sDYLbzXfReVJE8dvGmBp,piano_classical
333,0.987,0.252,0.0207,0.897,0.0984,-30.14,0.0331,80.973,spotify:track:1H8h8xNfiAehdzK1McujxR,piano_classical
334,0.993,0.335,0.0184,0.905,0.0631,-26.805,0.0405,77.66,spotify:track:1iN5FdwWikmUHSNguaDBQD,piano_classical
335,0.988,0.357,0.0287,0.868,0.0987,-26.103,0.0393,131.107,spotify:track:6bQRUDFnAqcYgditMPc0Em,piano_classical
336,0.739,0.079,0.0469,0.93,0.133,-32.238,0.0437,80.951,spotify:track:1lY3ZWlHbADb4qrQGLYD3a,piano_classical
337,0.958,0.145,0.028,0.95,0.159,-31.387,0.0372,60.096,spotify:track:1e9MjaRlJJutoq6XOYaNVo,piano_classical
338,0.899,0.101,0.0221,0.881,0.165,-25.729,0.047,74.203,spotify:track:6FA8uHmE0w5bdjdhYdAqpM,piano_classical
339,0.995,0.647,0.00526,0.949,0.0606,-28.581,0.114,137.439,spotify:track:3n9HzaIRpGv0JEiLzIlAuP,piano_classical
340,0.973,0.237,0.0113,0.309,0.837,-35.385,0.0415,109.86,spotify:track:04Q08aZFyAuQd78C7XoVSS,piano_classical
341,0.99,0.272,0.0114,0.904,0.072,-36.013,0.033,77.255,spotify:track:4dycyakS76LseYGYbnBTCv,piano_classical
342,0.996,0.235,0.0145,0.9,0.0522,-24.379,0.0429,66.228,spotify:track:3RX8wOykXaXwJVVRGUq9av,piano_classical
343,0.992,0.137,0.0427,0.807,0.107,-34.927,0.0448,94.521,spotify:track:2fS9OzMo5aUzJzVbr2kQ32,piano_classical
344,0.418,0.705,0.678,0.0975,0.0707,-10.139,0.0818,151.336,spotify:track:1RLuW6WTizsdDg3aMJyqqS,rock
345,0.566,0.59,0.28,0.0604,0.0985,-13.351,0.0308,90.519,spotify:track:4Xp6n3ViMb0Zq24KGrVvcA,rock
346,0.131,0.586,0.698,0.916,0.214,-10.58,0.0372,86.473,spotify:track:4oAidT5GJBxGlmJdwKyXkk,rock
347,0.799,0.763,0.51,0.000564,0.0768,-9.823,0.215,144.385,spotify:track:5rJvilorz6UVTvjEHoPZV4,rock
348,0.179,0.642,0.741,0.92,0.165,-9.019,0.0463,94.834,spotify:track:5sKDFxMHeRk3g1ZHymjREz,rock
349,0.227,0.529,0.626,0.942,0.1,-11.377,0.0329,104.988,spotify:track:4nJnj7SwCC3tUcPhizuytw,rock
350,0.674,0.593,0.493,0.971,0.165,-12.671,0.0284,145.471,spotify:track:1kqpHvJOkOM9zJkzVJyUw5,rock
351,0.556,0.724,0.685,0.156,0.106,-8.853,0.0467,113.765,spotify:track:1T2utnzE8KkGsYertDwhem,rock
352,0.947,0.576,0.728,0.993,0.257,-9.806,0.0333,80.635,spotify:track:70Qj5oN2X11jmKKzmw561L,rock
353,0.91,0.62,0.443,0.063,0.153,-11.511,0.0684,89.12,spotify:track:5K0daxfZSrsIgxfSsZmdHd,rock
354,0.72,0.609,0.772,0.000941,0.219,-7.907,0.0422,161.24,spotify:track:561Y8on8rdXUpx0HVxQgFJ,rock
355,0.447,0.605,0.803,0.826,0.102,-9.126,0.0312,154.002,spotify:track:6oi2nTzUAR5w0mGZ5ESIJw,rock
356,0.384,0.586,0.633,0.00731,0.129,-10.507,0.0294,119.953,spotify:track:0JbN3wW95xZxX1ChtgVSx0,rock
357,0.248,0.663,0.596,0.413,0.169,-10.879,0.0376,95.493,spotify:track:6iBN4bo5iTTYGQHzGSgVqb,rock
358,0.739,0.691,0.365,0.103,0.137,-14.028,0.0499,80.255,spotify:track:7mLDS58f3LlGBaST0uVSge,rock
359,0.871,0.599,0.785,0.874,0.106,-9.813,0.0441,165.371,spotify:track:4LGD80v44Bl71z7Srvyki7,rock
360,0.448,0.76,0.554,0.0196,0.102,-9.779,0.0468,108.403,spotify:track:4cSeODMJ2retogl26SKSSU,rock
361,0.627,0.724,0.632,0.82,0.143,-11.399,0.0403,99.099,spotify:track:18xOUknta7GGfaL7xxgc4G,rock
362,0.697,0.606,0.374,0.399,0.0867,-12.188,0.0356,137.123,spotify:track:3RzMecp1Ly8DeOoM09Hdvw,rock
363,0.633,0.656,0.628,0.053,0.103,-10.515,0.302,158.245,spotify:track:7AnuLRxRsHWavFlYcLJlHC,rock
364,0.91,0.656,0.443,0.257,0.109,-9.15,0.0457,94.291,spotify:track:6nKJbP3awqEerGM1VkbLJ8,rock
365,0.849,0.709,0.25,0.687,0.111,-18.933,0.0795,119.9,spotify:track:2XsAqIDpYOjzfKkMHDvDnC,rock
366,0.146,0.474,0.872,0.0003,0.867,-9.279,0.401,149.0,spotify:track:3r9pPScdpfZgbgm1sirH1H,rock
367,0.168,0.628,0.944,0.226,0.965,-8.17,0.0446,154.805,spotify:track:6op9ZQzSzyAvAo8AtQAkTw,rock
368,0.0471,0.464,0.508,0.0894,0.607,-11.512,0.0368,184.677,spotify:track:6HF3BcYsJfzPwyjBY0TNGs,rock
369,0.253,0.523,0.903,0.0719,0.345,-8.216,0.0652,96.414,spotify:track:3i0Kes8Lxm1gOkjVjqKLrE,rock
370,0.107,0.591,0.963,0.00114,0.886,-7.99,0.053,159.555,spotify:track:6Von6XDAaYpbC909Et7gNw,rock
371,0.418,0.468,0.897,9.34e-06,0.964,-6.726,0.0603,77.927,spotify:track:5CfcBdStUy4x09IKpQB9ag,rock
372,0.918,0.581,0.502,0.0,0.472,-10.573,0.287,121.615,spotify:track:4Om0QWpCDQSxbm2zOMpGI6,rock
373,0.613,0.426,0.978,0.00269,0.962,-6.117,0.0949,81.384,spotify:track:1llIGWl5uauDGasM0LZlUR,rock
374,0.269,0.616,0.824,0.00352,0.385,-9.681,0.056,155.367,spotify:track:11LYZH3mL82gisXu6MFfB7,rock
375,0.774,0.687,0.513,0.0,0.728,-9.023,0.209,121.869,spotify:track:2vkkJIB8xVZnmGjw8kjwLE,rock
376,0.257,0.834,0.424,0.00878,0.101,-10.352,0.0643,94.502,spotify:track:6s4XkprRvuGLnuuidwEO36,rock
377,0.245,0.52,0.511,0.176,0.106,-10.375,0.0398,161.133,spotify:track:1u0akJBiN9O7Cw9HYPUf2I,rock
378,0.419,0.736,0.761,0.00725,0.328,-9.974,0.0311,128.916,spotify:track:2UyUnsAX9Lo9krCByWw6Io,rock
379,0.39,0.583,0.87,0.009,0.339,-7.87,0.0415,147.239,spotify:track:2UqzxRAKgR80l3OwPJtGlS,rock
380,0.137,0.546,0.894,0.835,0.326,-11.084,0.0587,147.852,spotify:track:2QhaoTKKkyxFMEmCRXCFuL,rock
381,0.873,0.431,0.354,0.232,0.681,-16.443,0.859,90.016,spotify:track:3uLwqScNMaF29U0aDkYlYA,rock
382,0.986,0.432,0.129,0.88,0.0745,-20.974,0.0406,172.885,spotify:track:44aKI3whDPnWAVaglG4aRg,rock
383,0.245,0.407,0.233,0.125,0.0555,-15.686,0.0422,178.781,spotify:track:7lOUuMFmM0NzGry3mCeodf,rock
384,0.344,0.48,0.571,0.00349,0.0514,-11.386,0.0362,79.224,spotify:track:2tCJMrcUVDQHcY8KPtAv88,rock
385,0.347,0.643,0.331,0.00675,0.0781,-14.698,0.0484,188.425,spotify:track:77YJw1bDNzbv8X91yO8ooH,rock
386,0.484,0.763,0.868,0.0101,0.438,-8.706,0.0561,149.303,spotify:track:5rLAnWyOeI9XKyV1b4v5Cd,rock
387,0.261,0.754,0.697,0.00705,0.103,-10.113,0.0397,76.581,spotify:track:5QEu7Yh4r7Qf5afonRFapy,rock
388,0.602,0.75,0.48,0.00116,0.115,-10.158,0.0406,139.123,spotify:track:4m09kElg83AT4xxbeTRtzv,rock
389,0.778,0.497,0.469,0.00422,0.0665,-11.444,0.0599,185.614,spotify:track:65eQtjww8RebziNVY1ny2d,rock
390,0.458,0.649,0.794,0.232,0.322,-8.642,0.0348,151.437,spotify:track:1NHHUQilovIBFxHlsjooFm,rock
391,0.645,0.586,0.797,0.793,0.201,-9.004,0.0337,150.965,spotify:track:7ah6NopKMBs1F7twLKA8lo,rock
392,0.832,0.491,0.401,0.58,0.0673,-13.561,0.0462,171.853,spotify:track:0kCn4ndIcTweYoXZzWpk81,rock
393,0.411,0.655,0.573,0.94,0.0391,-11.167,0.254,76.31,spotify:track:2zU5AXielQ3p42INJZCFhP,rock
394,0.623,0.773,0.618,0.0104,0.163,-9.34,0.0464,111.694,spotify:track:5SjZVCO0t2RIfr6nwWU4Ov,rock
395,0.654,0.658,0.512,0.00152,0.0361,-12.175,0.0436,148.968,spotify:track:3o4CxW7DYBUQsQtEfQfN6l,rock
396,0.783,0.689,0.707,0.108,0.0829,-11.868,0.0523,145.068,spotify:track:1vA1BxQXhH6THusQOFbG3w,rock
397,0.561,0.628,0.699,0.51,0.611,-11.761,0.0509,148.929,spotify:track:73zaq2fq6EHMSGX86O7iaa,rock
398,0.227,0.663,0.714,0.824,0.258,-13.428,0.045,160.056,spotify:track:4GHyh8NuW1wShBZii1V98h,rock
399,0.796,0.708,0.477,0.654,0.0695,-14.402,0.0557,171.709,spotify:track:3KZibmwHT4cMAKeaMrFhYr,rock
400,0.87,0.585,0.593,0.906,0.117,-14.172,0.0824,183.96,spotify:track:6jPYoo0g1gNX8B6Cnou5bZ,rock
401,0.613,0.814,0.4,0.0803,0.0831,-12.363,0.0655,122.09,spotify:track:32XoK8QX0JetgV6cX83ZdH,rock
402,0.774,0.725,0.741,0.1,0.299,-12.229,0.076,150.809,spotify:track:6RzCnquBPLHEE6wRExKPgy,rock
403,0.703,0.748,0.668,0.118,0.281,-11.167,0.0368,153.538,spotify:track:3Rr1rKNpALgy8WQSubiKpY,rock
404,0.702,0.816,0.757,0.000401,0.356,-9.6,0.0455,142.054,spotify:track:08jCGAiRPJAOf3bPQb9oPB,rock
405,0.666,0.785,0.657,0.848,0.345,-12.365,0.0413,148.288,spotify:track:1sUpgV7CILp1vXHm0vb0fC,rock
406,0.636,0.663,0.534,0.291,0.0857,-11.905,0.084,62.544,spotify:track:01fPeGOxnYco0bsu6urkHS,rock
407,0.603,0.8,0.545,0.015,0.0595,-12.365,0.0528,94.819,spotify:track:0sIWDOCtMMqkn8TGT9UaxQ,rock
408,0.692,0.787,0.645,0.00308,0.0586,-9.713,0.0448,97.582,spotify:track:4PyuVGUGl71LyKwVjBPm76,rock
409,0.836,0.79,0.365,0.248,0.156,-13.311,0.035,127.806,spotify:track:5nMqnNBNZwiPrS0OgIJzKO,rock
410,0.741,0.743,0.48,0.0528,0.063,-14.17,0.0442,109.247,spotify:track:2tZILhgOEb7oMcxW4TxOJe,rock
411,0.127,0.57,0.818,0.807,0.355,-11.075,0.0565,169.378,spotify:track:57YSDTOfFCM27CTb1jTIiU,rock
412,0.0969,0.657,0.845,1.4e-06,0.195,-10.675,0.0729,158.798,spotify:track:6FOai9ZGh9qc5lUjQfDpTh,rock
413,0.539,0.634,0.409,0.00722,0.15,-12.114,0.0325,79.071,spotify:track:3lueRKEySQS2LZ5OmyP3FZ,rock
414,0.000171,0.393,0.752,0.348,0.477,-7.446,0.054,120.056,spotify:track:3PLnH5T3MB9ItFADOxSp83,rock
415,0.000208,0.464,0.884,0.000631,0.717,-6.86,0.0368,143.305,spotify:track:08N9B0O0SkNjWjRpvrinz9,rock
416,0.000156,0.443,0.821,0.0208,0.848,-6.826,0.0383,116.26,spotify:track:0Qw444mY0HSMwR5WMykkTj,rock
417,0.0753,0.631,0.863,0.347,0.414,-7.166,0.0412,103.459,spotify:track:1WOyK0LGKxp2tXWd6mhuxL,rock
418,0.00262,0.285,0.971,0.0681,0.75,-6.256,0.443,174.461,spotify:track:0aSO0jIzKv8IuwA1OLVzVe,rock
419,0.00014,0.389,0.911,0.0271,0.959,-6.963,0.0335,128.108,spotify:track:5Lrs3rKUSccTFLVXLO7oom,rock
420,0.00298,0.448,0.921,7.93e-05,0.673,-6.056,0.0706,188.883,spotify:track:3UsWWOYYmdK7zwwc4ouvXy,rock
421,0.00194,0.485,0.942,0.0023,0.714,-5.971,0.063,129.554,spotify:track:0OS2UUdlviKw3Xgks2qPYM,rock
422,6.93e-05,0.371,0.897,0.0111,0.497,-5.694,0.0482,143.098,spotify:track:33oqw1aVlOJiLDAt4qvj29,rock
423,0.000939,0.389,0.873,0.0275,0.692,-5.405,0.0307,137.311,spotify:track:6mhOKxQTdq1ZFy7fAZeqzc,rock
424,0.00471,0.415,0.705,0.000137,0.397,-7.772,0.0583,128.82,spotify:track:5fOMHgOpYC0ryDhqPQXs0r,rock
425,0.00154,0.401,0.909,0.000564,0.882,-6.203,0.0914,109.348,spotify:track:6prQJF6Jwh80RtVxqyIH8k,rock
426,0.00769,0.599,0.871,0.0019,0.863,-5.994,0.0443,114.216,spotify:track:3Z4ab5BiZatFETAQbVqwH9,rock
427,0.00028,0.171,0.949,0.112,0.919,-5.582,0.145,87.517,spotify:track:4X2YuFX8I7FEVrXmV2w674,rock
428,0.62,0.441,0.455,0.00187,0.135,-14.207,0.0485,160.9,spotify:track:2Mr1bGI2E10K7Mt1UJZ6Mw,rock
429,0.569,0.741,0.653,0.0,0.345,-11.46,0.0586,124.345,spotify:track:5B5JM1VxUe1aZNmtt0M5Zy,rock
430,0.0504,0.425,0.767,0.000138,0.168,-8.646,0.0413,120.539,spotify:track:11xkq6rKj5UodHwd07vgv8,rock
431,0.611,0.611,0.583,0.0853,0.0688,-10.428,0.0408,129.432,spotify:track:6c20LH3R4foocWLmYyojWq,rock
432,0.00217,0.271,0.766,0.52,0.0707,-8.03,0.0329,142.914,spotify:track:05f8Hg3RSfiPSCBQOtxl3i,rock
433,0.581,0.668,0.672,1.09e-06,0.0403,-10.79,0.3,115.767,spotify:track:1iDcKYNvo6gglrOG6lvnHL,rock
434,0.0167,0.586,0.941,0.000776,0.068,-5.139,0.0375,135.448,spotify:track:4xh7W7tlNMIczFhupCPniY,rock
435,0.115,0.412,0.523,7.34e-06,0.314,-10.714,0.0335,128.592,spotify:track:632wpQN4nWLEvxUyGZxyLM,rock
436,0.0169,0.273,0.952,0.0112,0.142,-8.762,0.0841,100.269,spotify:track:3YBZIN3rekqsKxbJc9FZko,rock
437,0.679,0.497,0.552,0.0314,0.089,-7.102,0.0307,124.359,spotify:track:4nmne9J3YCEdhvjTzwiAgu,rock
438,0.0854,0.693,0.489,0.00234,0.131,-9.709,0.0316,87.085,spotify:track:6gRGLfswEsfpy1UxHEyP6X,rock
439,0.58,0.338,0.34,0.0032,0.116,-12.049,0.0339,82.433,spotify:track:5CQ30WqJwcep0pYcV4AMNc,rock
440,0.14,0.299,0.787,0.0,0.292,-7.93,0.069,94.798,spotify:track:45s88Xopo6KvHc0PQ05aGg,rock
441,0.516,0.602,0.302,0.00291,0.13,-12.905,0.0493,200.5,spotify:track:3PZllK2n9oabRdjQ4zXZcj,rock
442,0.0135,0.496,0.859,0.065,0.349,-7.927,0.0934,159.694,spotify:track:7lY8aoN3wUR3NY4nUwigPv,rock
443,0.537,0.401,0.897,1.44e-06,0.065,-8.016,0.0848,166.703,spotify:track:4waQv4bln6SaCB51Qj9Fp6,rock
444,0.334,0.686,0.643,5.36e-06,0.269,-12.508,0.214,179.167,spotify:track:2XBsQSZqHPPAtZpRG6TvIm,rock
445,0.516,0.689,0.319,2.04e-06,0.179,-12.98,0.0852,165.944,spotify:track:6F3Y51rfKTtcZpSsYb0Yaf,rock
446,0.154,0.644,0.658,0.0,0.178,-11.319,0.0966,166.81,spotify:track:1rmvCn0AfUx84vcbvxWYwh,rock
447,0.246,0.746,0.545,0.0,0.138,-14.53,0.0576,133.687,spotify:track:2SqKvnzoXAQI9M26w2OxE1,rock
448,0.292,0.59,0.72,0.0,0.074,-12.555,0.163,179.769,spotify:track:47H0Vy0HUUAEguauMzH7Gn,rock
449,0.163,0.714,0.703,0.0,0.276,-12.284,0.107,143.754,spotify:track:0ZyJYJf7wYnPymHfFLuMty,rock
450,0.18,0.573,0.736,0.0,0.0989,-11.71,0.255,174.883,spotify:track:7pXEOCOGlzCkyFVzFuvj8I,rock
451,0.273,0.642,0.536,0.0,0.292,-12.674,0.223,169.997,spotify:track:3gLmbaxQ9dUnQrMYDwjN51,rock
452,0.604,0.571,0.694,0.000114,0.926,-12.153,0.211,170.765,spotify:track:3WiMfayEiwidrrfj7MnHJ4,rock
453,0.289,0.562,0.716,0.0,0.132,-11.773,0.0723,172.484,spotify:track:5Ve6lt0cnEsHZ3irUTZE75,rock
454,0.322,0.65,0.904,0.0,0.431,-11.742,0.0813,175.716,spotify:track:7jMHVzeZ7VGbEGTNPDwgdT,rock
455,0.473,0.499,0.915,0.000878,0.142,-11.528,0.0947,181.463,spotify:track:5daKpbSm2nUFgpbd2tYO11,rock
456,0.479,0.463,0.776,2.72e-05,0.0668,-12.442,0.0818,204.484,spotify:track:1kg4TSCxrgQ3yXht6VYJ2s,rock
457,0.72,0.766,0.684,0.000459,0.208,-12.182,0.0488,93.01,spotify:track:3q2fU4qhfAIAsOxim2Fvr9,rock
458,0.462,0.696,0.678,0.000349,0.458,-12.438,0.0502,78.64,spotify:track:3CIXs8QRRpJJAQ3PnB233j,rock
459,0.378,0.711,0.634,0.0,0.0691,-11.436,0.0587,75.715,spotify:track:1rE3Q8N0edQYvwPQOCxIgU,rock
460,0.281,0.612,0.642,0.000172,0.345,-10.616,0.0478,113.774,spotify:track:534F1frnBcIjQDevMRDnVW,rock
461,0.26,0.685,0.744,0.0,0.0741,-10.276,0.0724,91.488,spotify:track:0gt1ZN8zi0oNdMYYNSN6PI,rock
462,0.757,0.641,0.593,2.51e-05,0.0895,-10.377,0.174,201.246,spotify:track:4EU1Su5dQtnkRO7gSG35Ui,rock
463,0.589,0.621,0.654,0.0,0.125,-11.011,0.208,174.197,spotify:track:7d6pjz0y2AtqMxk4uX2Tcn,rock
